{
  "q1": {
    "question": "玩转校园网无感知服务",
    "kind": "article",
    "answer": "https://app.yinxiang.com/fx/30a0e0c6-33ae-45cc-b55b-e7c38e0065b8"
  },
  "q2": {
    "question": "不用无感知还能这样自动认证！",
    "kind": "article",
    "answer": "https://app.yinxiang.com/fx/c1bf82d8-b09d-4c21-9cd1-f4a4216d121f"
  },
  "q3": {
    "question": "芭比Q了，电脑息屏后网络就自动断开了？",
    "kind": "article",
    "answer": "https://app.yinxiang.com/fx/9bebcc3a-817f-4072-9977-443900500d2e"
  }
}
